USE INSTITUTOAMERICAJFGE;


INSERT INTO PROFESOR 
VALUES(1,'MARIA DE JESUS FLORES A','F','MARIA','123');
INSERT INTO PROFESOR 
VALUES(2,'MIGUEL EMILIO FLORES F','M','MIGUEL','123');
INSERT INTO PROFESOR 
VALUES(3,'ANGEL VALENCIA FLORES S','M','ANGEL','123');
INSERT INTO PROFESOR 
VALUES(4,'ISABEL DIAZ C','F','ISABEL','123');
INSERT INTO PROFESOR 
VALUES(5,'ARACELI MAGDALENO E','F','ARACELI','123');
INSERT INTO PROFESOR 
VALUES(6,'PATRICIA CASTILLO M','F','PATRICIA','123');
SELECT * FROM PROFESOR;

INSERT INTO MATERIA
VALUES(1,'MATEMATICAS');
INSERT INTO MATERIA
VALUES(2,'CIENCIAS NATURALES');
INSERT INTO MATERIA
VALUES(3,'ESPAÑOL');
INSERT INTO MATERIA
VALUES(4,'HISTORIA');
INSERT INTO MATERIA
VALUES(5,'ETICA');

INSERT INTO GRUPO
VALUES(1,1);
INSERT INTO GRUPO
VALUES(2,2);
INSERT INTO GRUPO
VALUES(3,3);
INSERT INTO GRUPO
VALUES(4,4);
INSERT INTO GRUPO
VALUES(5,5);
INSERT INTO GRUPO
VALUES(6,6);
SELECT * FROM ALUMNO;
INSERT INTO ALUMNO
VALUES(1,'RAMJ140826HMNMNRA3',1,6,'JORGE JESUS RAMIREZ MUNOZ','M',1);
INSERT INTO ALUMNO
VALUES(2,'MOAL1412HMNRLSL6',1,6,'MORALES ALVAREZ LUIS ANGEL','M',1);
INSERT INTO ALUMNO
VALUES(3,'MOOJ1412HMNRRSM6',1,6,'MORALES ORTEGA JOSE JUAN','M',1);
INSERT INTO ALUMNO
VALUES(4,'TOPM13613MMNRRRZ5',1,7,'TORRES PEREZ MARIA GUADALUPE','F',2);
INSERT INTO ALUMNO
VALUES(5,'CUMA131026MMNRRRO6',1,6,'CRUZ MARTINEZ ARACELI','F',2);
INSERT INTO ALUMNO
VALUES(6,'LONM13219MMNPNRU6',1,6,'MARIA LUISA LOPEZ NUNEZ','F',2);
INSERT INTO ALUMNO
VALUES(7,'DEMF12728HMNLNRR9',1,8,'DELGADO MENDEZ FRANCISCO','M',3);
INSERT INTO ALUMNO
VALUES(8,'EIRA121210HMNSMGO9',1,7,'ESPINOZA RAMOS AGUSTIN','M',3);
INSERT INTO ALUMNO
VALUES(9,'RAHG1271MMNMRLN7',1,8,'RAMOS HERNANDEZ GLORIA','F',3);
INSERT INTO ALUMNO
VALUES(10,'OIRA11512MMNRMDU9',1,9,'ADRIANA ORTIZ ROMEROS','F',4);
INSERT INTO ALUMNO
VALUES(11,'OEFJ11516HMNRLSX3',1,9,'JOSE LUIS ORTEGA FLORES','M',4);
INSERT INTO ALUMNO
VALUES(12,'RAMM11629MMNMNRI4',1,9,'RAMIREZ MENDOZA MARGARITA','F',4);
INSERT INTO ALUMNO
VALUES(13,'HINV10106HMNRNÍB94',1,10,'HIERRA NUNEZ VICTOR MANUEL','M',5);
INSERT INTO ALUMNO
VALUES(14,'DIEG10324HMNZSSO4',1,10,'DIAZ ESPINOZA GUSTAVO','M',5);
INSERT INTO ALUMNO
VALUES(15,'CANO100819HMNSNSK3',1,10,'CASTILLO NUNEZ OSCAR','M',5);
INSERT INTO ALUMNO
VALUES(16,'GUJD09528HMNTMND5',1,11,'GUTIERREZ JIMENEZ DANIEL','M',6);
INSERT INTO ALUMNO
VALUES(17,'FOLV09314HMNLPÍB6',1,11,'VICTOR MANUEL FLORES LOPEZ','M',6);
INSERT INTO ALUMNO
VALUES(18,'PEVM09419MMNNSRA3',1,11,'MARIA GUADALUPE PENA VAZQUEZ','F',6);


/*INSERT INTO PROMEDIOS_FINALES
VALUES(11,1,9.0)

CREATE TABLE PROMEDIOS_FINALES
(
CVE_ALUM INT FOREIGN KEY REFERENCES ALUMNO,
GRADO INT NOT NULL,
PROMEDIO_FINAL DECIMAL(2,2) CHECK(PROMEDIO_FINAL>=0 AND PROMEDIO_FINAL<=10)NOT NULL,
)*/

INSERT INTO CALIF_ALUMNO 
VALUES(8.50,1,1,1);
INSERT INTO CALIF_ALUMNO 
VALUES(9.3,2,1,1);
INSERT INTO CALIF_ALUMNO 
VALUES(9.0,3,1,1);
INSERT INTO CALIF_ALUMNO 
VALUES(8.0,1,1,2);
INSERT INTO CALIF_ALUMNO 
VALUES(8.3,2,1,2);
INSERT INTO CALIF_ALUMNO 
VALUES(9.0,3,1,2);
INSERT INTO CALIF_ALUMNO 
VALUES(8.5,1,1,3);
INSERT INTO CALIF_ALUMNO 
VALUES(8.0,2,1,3);
INSERT INTO CALIF_ALUMNO 
VALUES(9.0,3,1,3);
INSERT INTO CALIF_ALUMNO 
VALUES(9.0,1,1,4);
INSERT INTO CALIF_ALUMNO 
VALUES(9.0,2,1,4);
INSERT INTO CALIF_ALUMNO 
VALUES(9.0,3,1,4);
INSERT INTO CALIF_ALUMNO 
VALUES(8.5,1,1,5);
INSERT INTO CALIF_ALUMNO 
VALUES(8.0,2,1,5);
INSERT INTO CALIF_ALUMNO 
VALUES(9.0,3,1,5);

INSERT INTO CALIF_ALUMNO 
VALUES(8.6,1,2,1);
INSERT INTO CALIF_ALUMNO 
VALUES(9.0,2,2,1);
INSERT INTO CALIF_ALUMNO 
VALUES(9.0,3,2,1);
INSERT INTO CALIF_ALUMNO 
VALUES(8.0,1,2,2);
INSERT INTO CALIF_ALUMNO 
VALUES(8.3,2,2,2);
INSERT INTO CALIF_ALUMNO 
VALUES(9.0,3,2,2);
INSERT INTO CALIF_ALUMNO 
VALUES(9.5,1,2,3);
INSERT INTO CALIF_ALUMNO 
VALUES(10.0,2,2,3);
INSERT INTO CALIF_ALUMNO 
VALUES(9.0,3,2,3);
INSERT INTO CALIF_ALUMNO 
VALUES(9.3,1,2,4);
INSERT INTO CALIF_ALUMNO 
VALUES(8.5,2,2,4);
INSERT INTO CALIF_ALUMNO 
VALUES(9.0,3,2,4);
INSERT INTO CALIF_ALUMNO 
VALUES(8.5,1,2,5);
INSERT INTO CALIF_ALUMNO 
VALUES(8.3,2,2,5);
INSERT INTO CALIF_ALUMNO 
VALUES(9.2,3,2,5);

INSERT INTO CALIF_ALUMNO 
VALUES(8.6,1,3,1);
INSERT INTO CALIF_ALUMNO 
VALUES(8.0,2,3,1);
INSERT INTO CALIF_ALUMNO 
VALUES(9.0,3,3,1);
INSERT INTO CALIF_ALUMNO 
VALUES(10.0,1,3,2);
INSERT INTO CALIF_ALUMNO 
VALUES(9.3,2,3,2);
INSERT INTO CALIF_ALUMNO 
VALUES(8.0,3,3,2);
INSERT INTO CALIF_ALUMNO 
VALUES(9.5,1,3,3);
INSERT INTO CALIF_ALUMNO 
VALUES(9.0,2,3,3);
INSERT INTO CALIF_ALUMNO 
VALUES(9.0,3,3,3);
INSERT INTO CALIF_ALUMNO 
VALUES(7.3,1,3,4);
INSERT INTO CALIF_ALUMNO 
VALUES(7.5,2,3,4);
INSERT INTO CALIF_ALUMNO 
VALUES(8.0,3,3,4);
INSERT INTO CALIF_ALUMNO 
VALUES(9.5,1,3,5);
INSERT INTO CALIF_ALUMNO 
VALUES(9.3,2,3,5);
INSERT INTO CALIF_ALUMNO 
VALUES(9.2,3,3,5);

INSERT INTO CALIF_ALUMNO 
VALUES(8.3,1,4,1);
INSERT INTO CALIF_ALUMNO 
VALUES(8.0,2,4,1);
INSERT INTO CALIF_ALUMNO 
VALUES(10.0,3,4,1);
INSERT INTO CALIF_ALUMNO 
VALUES(9.0,1,4,2);
INSERT INTO CALIF_ALUMNO 
VALUES(9.6,2,4,2);
INSERT INTO CALIF_ALUMNO 
VALUES(8.2,3,4,2);
INSERT INTO CALIF_ALUMNO 
VALUES(9.4,1,4,3);
INSERT INTO CALIF_ALUMNO 
VALUES(9.0,2,4,3);
INSERT INTO CALIF_ALUMNO 
VALUES(9.0,3,4,3);
INSERT INTO CALIF_ALUMNO 
VALUES(7.9,1,4,4);
INSERT INTO CALIF_ALUMNO 
VALUES(7.5,2,4,4);
INSERT INTO CALIF_ALUMNO 
VALUES(8.7,3,4,4);
INSERT INTO CALIF_ALUMNO 
VALUES(8.6,1,4,5);
INSERT INTO CALIF_ALUMNO 
VALUES(8.3,2,4,5);
INSERT INTO CALIF_ALUMNO 
VALUES(9.5,3,4,5);

INSERT INTO CALIF_ALUMNO 
VALUES(8.3,1,5,1);
INSERT INTO CALIF_ALUMNO 
VALUES(8.0,2,5,1);
INSERT INTO CALIF_ALUMNO 
VALUES(10.0,3,5,1);
INSERT INTO CALIF_ALUMNO 
VALUES(9.0,1,5,2);
INSERT INTO CALIF_ALUMNO 
VALUES(9.6,2,5,2);
INSERT INTO CALIF_ALUMNO 
VALUES(8.2,3,5,2);
INSERT INTO CALIF_ALUMNO 
VALUES(9.4,1,5,3);
INSERT INTO CALIF_ALUMNO 
VALUES(9.0,2,5,3);
INSERT INTO CALIF_ALUMNO 
VALUES(9.0,3,5,3);
INSERT INTO CALIF_ALUMNO 
VALUES(7.9,1,5,4);
INSERT INTO CALIF_ALUMNO 
VALUES(7.5,2,5,4);
INSERT INTO CALIF_ALUMNO 
VALUES(8.7,3,5,4);
INSERT INTO CALIF_ALUMNO 
VALUES(8.6,1,5,5);
INSERT INTO CALIF_ALUMNO 
VALUES(8.3,2,5,5);
INSERT INTO CALIF_ALUMNO 
VALUES(9.5,3,5,5);
INSERT INTO CALIF_ALUMNO 
VALUES(9.3,1,6,1);
INSERT INTO CALIF_ALUMNO 
VALUES(8.2,2,6,1);
INSERT INTO CALIF_ALUMNO 
VALUES(7.0,3,6,1);
INSERT INTO CALIF_ALUMNO 
VALUES(8.5,1,6,2);
INSERT INTO CALIF_ALUMNO 
VALUES(9.2,2,6,2);
INSERT INTO CALIF_ALUMNO 
VALUES(8.2,3,6,2);
INSERT INTO CALIF_ALUMNO 
VALUES(9.4,1,6,3);
INSERT INTO CALIF_ALUMNO 
VALUES(9.0,2,6,3);
INSERT INTO CALIF_ALUMNO 
VALUES(9.0,3,6,3);
INSERT INTO CALIF_ALUMNO 
VALUES(7.9,1,6,4);
INSERT INTO CALIF_ALUMNO 
VALUES(7.5,2,6,4);
INSERT INTO CALIF_ALUMNO 
VALUES(8.7,3,6,4);
INSERT INTO CALIF_ALUMNO 
VALUES(8.6,1,6,5);
INSERT INTO CALIF_ALUMNO 
VALUES(8.3,2,6,5);
INSERT INTO CALIF_ALUMNO 
VALUES(9.5,3,6,5);
INSERT INTO CALIF_ALUMNO 
VALUES(9.3,1,7,1);
INSERT INTO CALIF_ALUMNO 
VALUES(8.2,2,7,1);
INSERT INTO CALIF_ALUMNO 
VALUES(7.0,3,7,1);
INSERT INTO CALIF_ALUMNO 
VALUES(8.5,1,7,2);
INSERT INTO CALIF_ALUMNO 
VALUES(9.2,2,7,2);
INSERT INTO CALIF_ALUMNO 
VALUES(8.6,3,7,2);
INSERT INTO CALIF_ALUMNO 
VALUES(9.6,1,7,3);
INSERT INTO CALIF_ALUMNO 
VALUES(9.2,2,7,3);
INSERT INTO CALIF_ALUMNO 
VALUES(9.0,3,7,3);
INSERT INTO CALIF_ALUMNO 
VALUES(8.9,1,7,4);
INSERT INTO CALIF_ALUMNO 
VALUES(8.5,2,7,4);
INSERT INTO CALIF_ALUMNO 
VALUES(8.7,3,7,4);
INSERT INTO CALIF_ALUMNO 
VALUES(8.9,1,7,5);
INSERT INTO CALIF_ALUMNO 
VALUES(8.5,2,7,5);
INSERT INTO CALIF_ALUMNO 
VALUES(9.3,3,7,5);

INSERT INTO CALIF_ALUMNO 
VALUES(9.3,1,8,1);
INSERT INTO CALIF_ALUMNO 
VALUES(10.0,2,8,1);
INSERT INTO CALIF_ALUMNO 
VALUES(8.0,3,8,1);
INSERT INTO CALIF_ALUMNO 
VALUES(9.5,1,8,2);
INSERT INTO CALIF_ALUMNO 
VALUES(9.2,2,8,2);
INSERT INTO CALIF_ALUMNO 
VALUES(9.4,3,8,2);
INSERT INTO CALIF_ALUMNO 
VALUES(9.6,1,8,3);
INSERT INTO CALIF_ALUMNO 
VALUES(9.2,2,8,3);
INSERT INTO CALIF_ALUMNO 
VALUES(9.0,3,8,3);
INSERT INTO CALIF_ALUMNO 
VALUES(9.9,1,8,4);
INSERT INTO CALIF_ALUMNO 
VALUES(9.5,2,8,4);
INSERT INTO CALIF_ALUMNO 
VALUES(9.7,3,8,4);
INSERT INTO CALIF_ALUMNO 
VALUES(8.9,1,8,5);
INSERT INTO CALIF_ALUMNO 
VALUES(9.3,2,8,5);
INSERT INTO CALIF_ALUMNO 
VALUES(9.3,3,8,5);

INSERT INTO CALIF_ALUMNO 
VALUES(9.3,1,9,1);
INSERT INTO CALIF_ALUMNO 
VALUES(10.0,2,9,1);
INSERT INTO CALIF_ALUMNO 
VALUES(8.0,3,9,1);
INSERT INTO CALIF_ALUMNO 
VALUES(9.5,1,9,2);
INSERT INTO CALIF_ALUMNO 
VALUES(9.2,2,9,2);
INSERT INTO CALIF_ALUMNO 
VALUES(9.4,3,9,2);
INSERT INTO CALIF_ALUMNO 
VALUES(9.6,1,9,3);
INSERT INTO CALIF_ALUMNO 
VALUES(9.2,2,9,3);
INSERT INTO CALIF_ALUMNO 
VALUES(9.0,3,9,3);
INSERT INTO CALIF_ALUMNO 
VALUES(9.9,1,9,4);
INSERT INTO CALIF_ALUMNO 
VALUES(9.5,2,9,4);
INSERT INTO CALIF_ALUMNO 
VALUES(9.7,3,9,4);
INSERT INTO CALIF_ALUMNO 
VALUES(8.9,1,9,5);
INSERT INTO CALIF_ALUMNO 
VALUES(9.3,2,9,5);
INSERT INTO CALIF_ALUMNO 
VALUES(9.3,3,9,5);

INSERT INTO CALIF_ALUMNO 
VALUES(8.3,1,10,1);
INSERT INTO CALIF_ALUMNO 
VALUES(9.0,2,10,1);
INSERT INTO CALIF_ALUMNO 
VALUES(8.5,3,10,1);
INSERT INTO CALIF_ALUMNO 
VALUES(7.5,1,10,2);
INSERT INTO CALIF_ALUMNO 
VALUES(9.5,2,10,2);
INSERT INTO CALIF_ALUMNO 
VALUES(8.4,3,10,2);
INSERT INTO CALIF_ALUMNO 
VALUES(9.6,1,10,3);
INSERT INTO CALIF_ALUMNO 
VALUES(8.2,2,10,3);
INSERT INTO CALIF_ALUMNO 
VALUES(9.0,3,10,3);
INSERT INTO CALIF_ALUMNO 
VALUES(8.9,1,10,4);
INSERT INTO CALIF_ALUMNO 
VALUES(8.5,2,10,4);
INSERT INTO CALIF_ALUMNO 
VALUES(9.4,3,10,4);
INSERT INTO CALIF_ALUMNO 
VALUES(8.3,1,10,5);
INSERT INTO CALIF_ALUMNO 
VALUES(9.7,2,10,5);
INSERT INTO CALIF_ALUMNO 
VALUES(9.3,3,10,5);

INSERT INTO CALIF_ALUMNO 
VALUES(8.3,1,11,1);
INSERT INTO CALIF_ALUMNO 
VALUES(8.2,2,11,1);
INSERT INTO CALIF_ALUMNO 
VALUES(8.3,3,11,1);
INSERT INTO CALIF_ALUMNO 
VALUES(7.5,1,11,2);
INSERT INTO CALIF_ALUMNO 
VALUES(8.5,2,11,2);
INSERT INTO CALIF_ALUMNO 
VALUES(8.4,3,11,2);
INSERT INTO CALIF_ALUMNO 
VALUES(8.6,1,11,3);
INSERT INTO CALIF_ALUMNO 
VALUES(8.2,2,11,3);
INSERT INTO CALIF_ALUMNO 
VALUES(8.0,3,11,3);
INSERT INTO CALIF_ALUMNO 
VALUES(8.6,1,11,4);
INSERT INTO CALIF_ALUMNO 
VALUES(8.8,2,11,4);
INSERT INTO CALIF_ALUMNO 
VALUES(8.4,3,11,4);
INSERT INTO CALIF_ALUMNO 
VALUES(7.3,1,11,5);
INSERT INTO CALIF_ALUMNO 
VALUES(7.7,2,11,5);
INSERT INTO CALIF_ALUMNO 
VALUES(8.5,3,11,5);

INSERT INTO CALIF_ALUMNO 
VALUES(8.6,1,12,1);
INSERT INTO CALIF_ALUMNO 
VALUES(9.2,2,12,1);
INSERT INTO CALIF_ALUMNO 
VALUES(8.3,3,12,1);
INSERT INTO CALIF_ALUMNO 
VALUES(9.5,1,12,2);
INSERT INTO CALIF_ALUMNO 
VALUES(9.5,2,12,2);
INSERT INTO CALIF_ALUMNO 
VALUES(7.3,3,12,2);
INSERT INTO CALIF_ALUMNO 
VALUES(8.2,1,12,3);
INSERT INTO CALIF_ALUMNO 
VALUES(9.2,2,12,3);
INSERT INTO CALIF_ALUMNO 
VALUES(9.0,3,12,3);
INSERT INTO CALIF_ALUMNO 
VALUES(9.6,1,12,4);
INSERT INTO CALIF_ALUMNO 
VALUES(8.8,2,12,4);
INSERT INTO CALIF_ALUMNO 
VALUES(8.2,3,12,4);
INSERT INTO CALIF_ALUMNO 
VALUES(7.6,1,12,5);
INSERT INTO CALIF_ALUMNO 
VALUES(8.4,2,12,5);
INSERT INTO CALIF_ALUMNO 
VALUES(9.5,3,12,5);

INSERT INTO CALIF_ALUMNO 
VALUES(8.3,1,13,1);
INSERT INTO CALIF_ALUMNO 
VALUES(8.2,2,13,1);
INSERT INTO CALIF_ALUMNO 
VALUES(8.3,3,13,1);
INSERT INTO CALIF_ALUMNO 
VALUES(7.5,1,13,2);
INSERT INTO CALIF_ALUMNO 
VALUES(8.5,2,13,2);
INSERT INTO CALIF_ALUMNO 
VALUES(8.4,3,13,2);
INSERT INTO CALIF_ALUMNO 
VALUES(8.6,1,13,3);
INSERT INTO CALIF_ALUMNO 
VALUES(8.2,2,13,3);
INSERT INTO CALIF_ALUMNO 
VALUES(8.0,3,13,3);
INSERT INTO CALIF_ALUMNO 
VALUES(8.6,1,13,3);
INSERT INTO CALIF_ALUMNO 
VALUES(8.8,2,13,4);
INSERT INTO CALIF_ALUMNO 
VALUES(8.4,3,13,4);
INSERT INTO CALIF_ALUMNO 
VALUES(7.3,1,13,5);
INSERT INTO CALIF_ALUMNO 
VALUES(7.7,2,13,5);
INSERT INTO CALIF_ALUMNO 
VALUES(8.5,3,13,5);

INSERT INTO CALIF_ALUMNO 
VALUES(9.3,1,14,1);
INSERT INTO CALIF_ALUMNO 
VALUES(10.0,2,14,1);
INSERT INTO CALIF_ALUMNO 
VALUES(8.0,3,14,1);
INSERT INTO CALIF_ALUMNO 
VALUES(9.5,1,14,2);
INSERT INTO CALIF_ALUMNO 
VALUES(9.2,2,14,2);
INSERT INTO CALIF_ALUMNO 
VALUES(9.4,3,14,2);
INSERT INTO CALIF_ALUMNO 
VALUES(9.6,1,14,3);
INSERT INTO CALIF_ALUMNO 
VALUES(9.2,2,14,3);
INSERT INTO CALIF_ALUMNO 
VALUES(9.0,3,14,3);
INSERT INTO CALIF_ALUMNO 
VALUES(9.9,1,14,4);
INSERT INTO CALIF_ALUMNO 
VALUES(9.5,2,14,4);
INSERT INTO CALIF_ALUMNO 
VALUES(9.7,3,14,4);
INSERT INTO CALIF_ALUMNO 
VALUES(8.9,1,14,5);
INSERT INTO CALIF_ALUMNO 
VALUES(9.3,2,14,5);
INSERT INTO CALIF_ALUMNO 
VALUES(9.3,3,14,5);
INSERT INTO CALIF_ALUMNO 
VALUES(8.6,1,15,1);
INSERT INTO CALIF_ALUMNO 
VALUES(8.0,2,15,1);
INSERT INTO CALIF_ALUMNO 
VALUES(9.0,3,15,1);
INSERT INTO CALIF_ALUMNO 
VALUES(10.0,1,15,2);
INSERT INTO CALIF_ALUMNO 
VALUES(9.3,2,15,2);
INSERT INTO CALIF_ALUMNO 
VALUES(8.0,3,15,2);
INSERT INTO CALIF_ALUMNO 
VALUES(9.5,1,15,3);
INSERT INTO CALIF_ALUMNO 
VALUES(9.0,2,15,3);
INSERT INTO CALIF_ALUMNO 
VALUES(9.0,3,15,3);
INSERT INTO CALIF_ALUMNO 
VALUES(7.3,1,15,4);
INSERT INTO CALIF_ALUMNO 
VALUES(7.5,2,15,4);
INSERT INTO CALIF_ALUMNO 
VALUES(8.0,3,15,4);
INSERT INTO CALIF_ALUMNO 
VALUES(9.5,1,15,5);
INSERT INTO CALIF_ALUMNO 
VALUES(9.3,2,15,5);
INSERT INTO CALIF_ALUMNO 
VALUES(9.2,3,15,5);
INSERT INTO CALIF_ALUMNO 
VALUES(8.3,1,16,1);
INSERT INTO CALIF_ALUMNO 
VALUES(8.0,2,16,1);
INSERT INTO CALIF_ALUMNO 
VALUES(10.0,3,16,1);
INSERT INTO CALIF_ALUMNO 
VALUES(9.0,1,16,2);
INSERT INTO CALIF_ALUMNO 
VALUES(9.6,2,16,2);
INSERT INTO CALIF_ALUMNO 
VALUES(8.2,3,16,2);
INSERT INTO CALIF_ALUMNO 
VALUES(9.4,1,16,3);
INSERT INTO CALIF_ALUMNO 
VALUES(9.0,2,16,3);
INSERT INTO CALIF_ALUMNO 
VALUES(9.0,3,16,3);
INSERT INTO CALIF_ALUMNO 
VALUES(7.9,1,16,4);
INSERT INTO CALIF_ALUMNO 
VALUES(7.5,2,16,4);
INSERT INTO CALIF_ALUMNO 
VALUES(8.7,3,16,4);
INSERT INTO CALIF_ALUMNO 
VALUES(8.6,1,16,5);
INSERT INTO CALIF_ALUMNO 
VALUES(8.3,2,16,5);
INSERT INTO CALIF_ALUMNO 
VALUES(9.5,3,16,5);

INSERT INTO CALIF_ALUMNO 
VALUES(8.3,1,17,1);
INSERT INTO CALIF_ALUMNO 
VALUES(8.0,2,17,1);
INSERT INTO CALIF_ALUMNO 
VALUES(10.0,3,17,1);
INSERT INTO CALIF_ALUMNO 
VALUES(9.0,1,17,2);
INSERT INTO CALIF_ALUMNO 
VALUES(9.6,2,17,2);
INSERT INTO CALIF_ALUMNO 
VALUES(8.2,3,17,2);
INSERT INTO CALIF_ALUMNO 
VALUES(9.4,1,17,3);
INSERT INTO CALIF_ALUMNO 
VALUES(9.0,2,17,3);
INSERT INTO CALIF_ALUMNO 
VALUES(9.0,3,17,3);
INSERT INTO CALIF_ALUMNO 
VALUES(7.9,1,17,4);
INSERT INTO CALIF_ALUMNO 
VALUES(7.5,2,17,4);
INSERT INTO CALIF_ALUMNO 
VALUES(8.7,3,17,4);
INSERT INTO CALIF_ALUMNO 
VALUES(8.6,1,17,5);
INSERT INTO CALIF_ALUMNO 
VALUES(8.3,2,17,5);
INSERT INTO CALIF_ALUMNO 
VALUES(9.5,3,17,5);

INSERT INTO CALIF_ALUMNO 
VALUES(8.50,1,18,1);
INSERT INTO CALIF_ALUMNO 
VALUES(9.3,2,18,1);
INSERT INTO CALIF_ALUMNO 
VALUES(9.0,3,18,1);
INSERT INTO CALIF_ALUMNO 
VALUES(8.0,1,18,2);
INSERT INTO CALIF_ALUMNO 
VALUES(8.3,2,18,2);
INSERT INTO CALIF_ALUMNO 
VALUES(9.0,3,18,2);
INSERT INTO CALIF_ALUMNO 
VALUES(8.5,1,18,3);
INSERT INTO CALIF_ALUMNO 
VALUES(8.0,2,18,3);
INSERT INTO CALIF_ALUMNO 
VALUES(9.0,3,18,3);
INSERT INTO CALIF_ALUMNO 
VALUES(9.0,1,18,4);
INSERT INTO CALIF_ALUMNO 
VALUES(9.0,2,18,4);
INSERT INTO CALIF_ALUMNO 
VALUES(9.0,3,18,4);
INSERT INTO CALIF_ALUMNO 
VALUES(8.5,1,18,5);
INSERT INTO CALIF_ALUMNO 
VALUES(8.0,2,18,5);
INSERT INTO CALIF_ALUMNO 
VALUES(9.0,3,18,5);

SELECT * FROM CALIF_ALUMNO;






SELECT * FROM PROM_MATERIA_ALUMNO;


INSERT INTO PROM_MATERIA_ALUMNO(PROM_MAT_ALUM,CVE_MATERIA,CVE_ALUM) VALUES((SELECT AVG(CALIF_TRIM_ALUM) FROM CALIF_ALUMNO  WHERE CVE_MATERIA=5 AND CVE_ALUM=1),5,1);

INSERT INTO PROM_MATERIA_ALUMNO(PROM_MAT_ALUM,CVE_MATERIA,CVE_ALUM) VALUES((SELECT AVG(CALIF_TRIM_ALUM) FROM CALIF_ALUMNO  WHERE CVE_MATERIA=5 AND CVE_ALUM=2),5,2);

INSERT INTO PROM_MATERIA_ALUMNO(PROM_MAT_ALUM,CVE_MATERIA,CVE_ALUM) VALUES((SELECT AVG(CALIF_TRIM_ALUM) FROM CALIF_ALUMNO  WHERE CVE_MATERIA=5 AND CVE_ALUM=3),5,3);
 
INSERT INTO PROM_MATERIA_ALUMNO(PROM_MAT_ALUM,CVE_MATERIA,CVE_ALUM) VALUES((SELECT AVG(CALIF_TRIM_ALUM) FROM CALIF_ALUMNO  WHERE CVE_MATERIA=5 AND CVE_ALUM=4),5,4);

INSERT INTO PROM_MATERIA_ALUMNO(PROM_MAT_ALUM,CVE_MATERIA,CVE_ALUM) VALUES((SELECT AVG(CALIF_TRIM_ALUM) FROM CALIF_ALUMNO  WHERE CVE_MATERIA=5 AND CVE_ALUM=5),5,5);

INSERT INTO PROM_MATERIA_ALUMNO(PROM_MAT_ALUM,CVE_MATERIA,CVE_ALUM) VALUES((SELECT AVG(CALIF_TRIM_ALUM) FROM CALIF_ALUMNO  WHERE CVE_MATERIA=5 AND CVE_ALUM=6),5,6);

INSERT INTO PROM_MATERIA_ALUMNO(PROM_MAT_ALUM,CVE_MATERIA,CVE_ALUM) VALUES((SELECT AVG(CALIF_TRIM_ALUM) FROM CALIF_ALUMNO  WHERE CVE_MATERIA=5 AND CVE_ALUM=7),5,7);

INSERT INTO PROM_MATERIA_ALUMNO(PROM_MAT_ALUM,CVE_MATERIA,CVE_ALUM) VALUES((SELECT AVG(CALIF_TRIM_ALUM) FROM CALIF_ALUMNO  WHERE CVE_MATERIA=5 AND CVE_ALUM=8),5,8);

INSERT INTO PROM_MATERIA_ALUMNO(PROM_MAT_ALUM,CVE_MATERIA,CVE_ALUM) VALUES((SELECT AVG(CALIF_TRIM_ALUM) FROM CALIF_ALUMNO  WHERE CVE_MATERIA=5 AND CVE_ALUM=9),5,9);

INSERT INTO PROM_MATERIA_ALUMNO(PROM_MAT_ALUM,CVE_MATERIA,CVE_ALUM) VALUES((SELECT AVG(CALIF_TRIM_ALUM) FROM CALIF_ALUMNO  WHERE CVE_MATERIA=5 AND CVE_ALUM=10),5,10);

INSERT INTO PROM_MATERIA_ALUMNO(PROM_MAT_ALUM,CVE_MATERIA,CVE_ALUM) VALUES((SELECT AVG(CALIF_TRIM_ALUM) FROM CALIF_ALUMNO  WHERE CVE_MATERIA=5 AND CVE_ALUM=11),5,11);

INSERT INTO PROM_MATERIA_ALUMNO(PROM_MAT_ALUM,CVE_MATERIA,CVE_ALUM) VALUES((SELECT AVG(CALIF_TRIM_ALUM) FROM CALIF_ALUMNO  WHERE CVE_MATERIA=5 AND CVE_ALUM=12),5,12);

INSERT INTO PROM_MATERIA_ALUMNO(PROM_MAT_ALUM,CVE_MATERIA,CVE_ALUM) VALUES((SELECT AVG(CALIF_TRIM_ALUM) FROM CALIF_ALUMNO  WHERE CVE_MATERIA=5 AND CVE_ALUM=13),5,13);

INSERT INTO PROM_MATERIA_ALUMNO(PROM_MAT_ALUM,CVE_MATERIA,CVE_ALUM) VALUES((SELECT AVG(CALIF_TRIM_ALUM) FROM CALIF_ALUMNO  WHERE CVE_MATERIA=5 AND CVE_ALUM=14),5,14);

INSERT INTO PROM_MATERIA_ALUMNO(PROM_MAT_ALUM,CVE_MATERIA,CVE_ALUM) VALUES((SELECT AVG(CALIF_TRIM_ALUM) FROM CALIF_ALUMNO  WHERE CVE_MATERIA=5 AND CVE_ALUM=15),5,15);

INSERT INTO PROM_MATERIA_ALUMNO(PROM_MAT_ALUM,CVE_MATERIA,CVE_ALUM) VALUES((SELECT AVG(CALIF_TRIM_ALUM) FROM CALIF_ALUMNO  WHERE CVE_MATERIA=5 AND CVE_ALUM=16),5,16);

INSERT INTO PROM_MATERIA_ALUMNO(PROM_MAT_ALUM,CVE_MATERIA,CVE_ALUM) VALUES((SELECT AVG(CALIF_TRIM_ALUM) FROM CALIF_ALUMNO  WHERE CVE_MATERIA=5 AND CVE_ALUM=17),5,17);

INSERT INTO PROM_MATERIA_ALUMNO(PROM_MAT_ALUM,CVE_MATERIA,CVE_ALUM) VALUES((SELECT AVG(CALIF_TRIM_ALUM) FROM CALIF_ALUMNO  WHERE CVE_MATERIA=5 AND CVE_ALUM=18),5,18);



INSERT INTO PROM_MATERIA_ALUMNO(PROM_MAT_ALUM,CVE_MATERIA,CVE_ALUM) VALUES((SELECT AVG(CALIF_TRIM_ALUM) FROM CALIF_ALUMNO  WHERE CVE_MATERIA=2 AND CVE_ALUM=1),2,1);

INSERT INTO PROM_MATERIA_ALUMNO(PROM_MAT_ALUM,CVE_MATERIA,CVE_ALUM) VALUES((SELECT AVG(CALIF_TRIM_ALUM) FROM CALIF_ALUMNO  WHERE CVE_MATERIA=2 AND CVE_ALUM=2),2,2);

INSERT INTO PROM_MATERIA_ALUMNO(PROM_MAT_ALUM,CVE_MATERIA,CVE_ALUM) VALUES((SELECT AVG(CALIF_TRIM_ALUM) FROM CALIF_ALUMNO  WHERE CVE_MATERIA=2 AND CVE_ALUM=3),2,3);

INSERT INTO PROM_MATERIA_ALUMNO(PROM_MAT_ALUM,CVE_MATERIA,CVE_ALUM) VALUES((SELECT AVG(CALIF_TRIM_ALUM) FROM CALIF_ALUMNO  WHERE CVE_MATERIA=2 AND CVE_ALUM=4),2,4);

INSERT INTO PROM_MATERIA_ALUMNO(PROM_MAT_ALUM,CVE_MATERIA,CVE_ALUM) VALUES((SELECT AVG(CALIF_TRIM_ALUM) FROM CALIF_ALUMNO  WHERE CVE_MATERIA=2 AND CVE_ALUM=5),2,5);

INSERT INTO PROM_MATERIA_ALUMNO(PROM_MAT_ALUM,CVE_MATERIA,CVE_ALUM) VALUES((SELECT AVG(CALIF_TRIM_ALUM) FROM CALIF_ALUMNO  WHERE CVE_MATERIA=2 AND CVE_ALUM=6),2,6);

INSERT INTO PROM_MATERIA_ALUMNO(PROM_MAT_ALUM,CVE_MATERIA,CVE_ALUM) VALUES((SELECT AVG(CALIF_TRIM_ALUM) FROM CALIF_ALUMNO  WHERE CVE_MATERIA=2 AND CVE_ALUM=7),2,7);

INSERT INTO PROM_MATERIA_ALUMNO(PROM_MAT_ALUM,CVE_MATERIA,CVE_ALUM) VALUES((SELECT AVG(CALIF_TRIM_ALUM) FROM CALIF_ALUMNO  WHERE CVE_MATERIA=2 AND CVE_ALUM=8),2,8);

INSERT INTO PROM_MATERIA_ALUMNO(PROM_MAT_ALUM,CVE_MATERIA,CVE_ALUM) VALUES((SELECT AVG(CALIF_TRIM_ALUM) FROM CALIF_ALUMNO  WHERE CVE_MATERIA=2 AND CVE_ALUM=9),2,9);

INSERT INTO PROM_MATERIA_ALUMNO(PROM_MAT_ALUM,CVE_MATERIA,CVE_ALUM) VALUES((SELECT AVG(CALIF_TRIM_ALUM) FROM CALIF_ALUMNO  WHERE CVE_MATERIA=2 AND CVE_ALUM=10),2,10);

INSERT INTO PROM_MATERIA_ALUMNO(PROM_MAT_ALUM,CVE_MATERIA,CVE_ALUM) VALUES((SELECT AVG(CALIF_TRIM_ALUM) FROM CALIF_ALUMNO  WHERE CVE_MATERIA=2 AND CVE_ALUM=11),2,11);

INSERT INTO PROM_MATERIA_ALUMNO(PROM_MAT_ALUM,CVE_MATERIA,CVE_ALUM) VALUES((SELECT AVG(CALIF_TRIM_ALUM) FROM CALIF_ALUMNO  WHERE CVE_MATERIA=2 AND CVE_ALUM=12),2,12);

INSERT INTO PROM_MATERIA_ALUMNO(PROM_MAT_ALUM,CVE_MATERIA,CVE_ALUM) VALUES((SELECT AVG(CALIF_TRIM_ALUM) FROM CALIF_ALUMNO  WHERE CVE_MATERIA=2 AND CVE_ALUM=13),2,13);

INSERT INTO PROM_MATERIA_ALUMNO(PROM_MAT_ALUM,CVE_MATERIA,CVE_ALUM) VALUES((SELECT AVG(CALIF_TRIM_ALUM) FROM CALIF_ALUMNO  WHERE CVE_MATERIA=2 AND CVE_ALUM=14),2,14);

INSERT INTO PROM_MATERIA_ALUMNO(PROM_MAT_ALUM,CVE_MATERIA,CVE_ALUM) VALUES((SELECT AVG(CALIF_TRIM_ALUM) FROM CALIF_ALUMNO  WHERE CVE_MATERIA=2 AND CVE_ALUM=15),2,15);

INSERT INTO PROM_MATERIA_ALUMNO(PROM_MAT_ALUM,CVE_MATERIA,CVE_ALUM) VALUES((SELECT AVG(CALIF_TRIM_ALUM) FROM CALIF_ALUMNO  WHERE CVE_MATERIA=2 AND CVE_ALUM=16),2,16);

INSERT INTO PROM_MATERIA_ALUMNO(PROM_MAT_ALUM,CVE_MATERIA,CVE_ALUM) VALUES((SELECT AVG(CALIF_TRIM_ALUM) FROM CALIF_ALUMNO  WHERE CVE_MATERIA=2 AND CVE_ALUM=17),2,17);

INSERT INTO PROM_MATERIA_ALUMNO(PROM_MAT_ALUM,CVE_MATERIA,CVE_ALUM) VALUES((SELECT AVG(CALIF_TRIM_ALUM) FROM CALIF_ALUMNO  WHERE CVE_MATERIA=2 AND CVE_ALUM=18),2,18);



INSERT INTO PROM_MATERIA_ALUMNO(PROM_MAT_ALUM,CVE_MATERIA,CVE_ALUM) VALUES((SELECT AVG(CALIF_TRIM_ALUM) FROM CALIF_ALUMNO  WHERE CVE_MATERIA=1 AND CVE_ALUM=1),1,1);

INSERT INTO PROM_MATERIA_ALUMNO(PROM_MAT_ALUM,CVE_MATERIA,CVE_ALUM) VALUES((SELECT AVG(CALIF_TRIM_ALUM) FROM CALIF_ALUMNO  WHERE CVE_MATERIA=1 AND CVE_ALUM=2),1,2);

INSERT INTO PROM_MATERIA_ALUMNO(PROM_MAT_ALUM,CVE_MATERIA,CVE_ALUM) VALUES((SELECT AVG(CALIF_TRIM_ALUM) FROM CALIF_ALUMNO  WHERE CVE_MATERIA=1 AND CVE_ALUM=3),1,3);

INSERT INTO PROM_MATERIA_ALUMNO(PROM_MAT_ALUM,CVE_MATERIA,CVE_ALUM) VALUES((SELECT AVG(CALIF_TRIM_ALUM) FROM CALIF_ALUMNO  WHERE CVE_MATERIA=1 AND CVE_ALUM=4),1,4);

INSERT INTO PROM_MATERIA_ALUMNO(PROM_MAT_ALUM,CVE_MATERIA,CVE_ALUM) VALUES((SELECT AVG(CALIF_TRIM_ALUM) FROM CALIF_ALUMNO  WHERE CVE_MATERIA=1 AND CVE_ALUM=5),1,5);

INSERT INTO PROM_MATERIA_ALUMNO(PROM_MAT_ALUM,CVE_MATERIA,CVE_ALUM) VALUES((SELECT AVG(CALIF_TRIM_ALUM) FROM CALIF_ALUMNO  WHERE CVE_MATERIA=1 AND CVE_ALUM=6),1,6);

INSERT INTO PROM_MATERIA_ALUMNO(PROM_MAT_ALUM,CVE_MATERIA,CVE_ALUM) VALUES((SELECT AVG(CALIF_TRIM_ALUM) FROM CALIF_ALUMNO  WHERE CVE_MATERIA=1 AND CVE_ALUM=7),1,7);

INSERT INTO PROM_MATERIA_ALUMNO(PROM_MAT_ALUM,CVE_MATERIA,CVE_ALUM) VALUES((SELECT AVG(CALIF_TRIM_ALUM) FROM CALIF_ALUMNO  WHERE CVE_MATERIA=1 AND CVE_ALUM=8),1,8);

INSERT INTO PROM_MATERIA_ALUMNO(PROM_MAT_ALUM,CVE_MATERIA,CVE_ALUM) VALUES((SELECT AVG(CALIF_TRIM_ALUM) FROM CALIF_ALUMNO  WHERE CVE_MATERIA=1 AND CVE_ALUM=9),1,9);

INSERT INTO PROM_MATERIA_ALUMNO(PROM_MAT_ALUM,CVE_MATERIA,CVE_ALUM) VALUES((SELECT AVG(CALIF_TRIM_ALUM) FROM CALIF_ALUMNO  WHERE CVE_MATERIA=1 AND CVE_ALUM=10),1,10);

INSERT INTO PROM_MATERIA_ALUMNO(PROM_MAT_ALUM,CVE_MATERIA,CVE_ALUM) VALUES((SELECT AVG(CALIF_TRIM_ALUM) FROM CALIF_ALUMNO  WHERE CVE_MATERIA=1 AND CVE_ALUM=11),1,11);

INSERT INTO PROM_MATERIA_ALUMNO(PROM_MAT_ALUM,CVE_MATERIA,CVE_ALUM) VALUES((SELECT AVG(CALIF_TRIM_ALUM) FROM CALIF_ALUMNO  WHERE CVE_MATERIA=1 AND CVE_ALUM=12),1,12);

INSERT INTO PROM_MATERIA_ALUMNO(PROM_MAT_ALUM,CVE_MATERIA,CVE_ALUM) VALUES((SELECT AVG(CALIF_TRIM_ALUM) FROM CALIF_ALUMNO  WHERE CVE_MATERIA=1 AND CVE_ALUM=13),1,13);

INSERT INTO PROM_MATERIA_ALUMNO(PROM_MAT_ALUM,CVE_MATERIA,CVE_ALUM) VALUES((SELECT AVG(CALIF_TRIM_ALUM) FROM CALIF_ALUMNO  WHERE CVE_MATERIA=1 AND CVE_ALUM=14),1,14);

INSERT INTO PROM_MATERIA_ALUMNO(PROM_MAT_ALUM,CVE_MATERIA,CVE_ALUM) VALUES((SELECT AVG(CALIF_TRIM_ALUM) FROM CALIF_ALUMNO  WHERE CVE_MATERIA=1 AND CVE_ALUM=15),1,15);

INSERT INTO PROM_MATERIA_ALUMNO(PROM_MAT_ALUM,CVE_MATERIA,CVE_ALUM) VALUES((SELECT AVG(CALIF_TRIM_ALUM) FROM CALIF_ALUMNO  WHERE CVE_MATERIA=1 AND CVE_ALUM=16),1,16);

INSERT INTO PROM_MATERIA_ALUMNO(PROM_MAT_ALUM,CVE_MATERIA,CVE_ALUM) VALUES((SELECT AVG(CALIF_TRIM_ALUM) FROM CALIF_ALUMNO  WHERE CVE_MATERIA=1 AND CVE_ALUM=17),1,17);

INSERT INTO PROM_MATERIA_ALUMNO(PROM_MAT_ALUM,CVE_MATERIA,CVE_ALUM) VALUES((SELECT AVG(CALIF_TRIM_ALUM) FROM CALIF_ALUMNO  WHERE CVE_MATERIA=1 AND CVE_ALUM=18),1,18);



INSERT INTO PROM_MATERIA_ALUMNO(PROM_MAT_ALUM,CVE_MATERIA,CVE_ALUM) VALUES((SELECT AVG(CALIF_TRIM_ALUM) FROM CALIF_ALUMNO  WHERE CVE_MATERIA=3 AND CVE_ALUM=1),3,1);

INSERT INTO PROM_MATERIA_ALUMNO(PROM_MAT_ALUM,CVE_MATERIA,CVE_ALUM) VALUES((SELECT AVG(CALIF_TRIM_ALUM) FROM CALIF_ALUMNO  WHERE CVE_MATERIA=3 AND CVE_ALUM=2),3,2);

INSERT INTO PROM_MATERIA_ALUMNO(PROM_MAT_ALUM,CVE_MATERIA,CVE_ALUM) VALUES((SELECT AVG(CALIF_TRIM_ALUM) FROM CALIF_ALUMNO  WHERE CVE_MATERIA=3 AND CVE_ALUM=3),3,3);

INSERT INTO PROM_MATERIA_ALUMNO(PROM_MAT_ALUM,CVE_MATERIA,CVE_ALUM) VALUES((SELECT AVG(CALIF_TRIM_ALUM) FROM CALIF_ALUMNO  WHERE CVE_MATERIA=3 AND CVE_ALUM=4),3,4);

INSERT INTO PROM_MATERIA_ALUMNO(PROM_MAT_ALUM,CVE_MATERIA,CVE_ALUM) VALUES((SELECT AVG(CALIF_TRIM_ALUM) FROM CALIF_ALUMNO  WHERE CVE_MATERIA=3 AND CVE_ALUM=5),3,5);

INSERT INTO PROM_MATERIA_ALUMNO(PROM_MAT_ALUM,CVE_MATERIA,CVE_ALUM) VALUES((SELECT AVG(CALIF_TRIM_ALUM) FROM CALIF_ALUMNO  WHERE CVE_MATERIA=3 AND CVE_ALUM=6),3,6);

INSERT INTO PROM_MATERIA_ALUMNO(PROM_MAT_ALUM,CVE_MATERIA,CVE_ALUM) VALUES((SELECT AVG(CALIF_TRIM_ALUM) FROM CALIF_ALUMNO  WHERE CVE_MATERIA=3 AND CVE_ALUM=7),3,7);

INSERT INTO PROM_MATERIA_ALUMNO(PROM_MAT_ALUM,CVE_MATERIA,CVE_ALUM) VALUES((SELECT AVG(CALIF_TRIM_ALUM) FROM CALIF_ALUMNO  WHERE CVE_MATERIA=3 AND CVE_ALUM=8),3,8);

INSERT INTO PROM_MATERIA_ALUMNO(PROM_MAT_ALUM,CVE_MATERIA,CVE_ALUM) VALUES((SELECT AVG(CALIF_TRIM_ALUM) FROM CALIF_ALUMNO  WHERE CVE_MATERIA=3 AND CVE_ALUM=9),3,9);

INSERT INTO PROM_MATERIA_ALUMNO(PROM_MAT_ALUM,CVE_MATERIA,CVE_ALUM) VALUES((SELECT AVG(CALIF_TRIM_ALUM) FROM CALIF_ALUMNO  WHERE CVE_MATERIA=3 AND CVE_ALUM=10),3,10);

INSERT INTO PROM_MATERIA_ALUMNO(PROM_MAT_ALUM,CVE_MATERIA,CVE_ALUM) VALUES((SELECT AVG(CALIF_TRIM_ALUM) FROM CALIF_ALUMNO  WHERE CVE_MATERIA=3 AND CVE_ALUM=11),3,11);

INSERT INTO PROM_MATERIA_ALUMNO(PROM_MAT_ALUM,CVE_MATERIA,CVE_ALUM) VALUES((SELECT AVG(CALIF_TRIM_ALUM) FROM CALIF_ALUMNO  WHERE CVE_MATERIA=3 AND CVE_ALUM=12),3,12);

INSERT INTO PROM_MATERIA_ALUMNO(PROM_MAT_ALUM,CVE_MATERIA,CVE_ALUM) VALUES((SELECT AVG(CALIF_TRIM_ALUM) FROM CALIF_ALUMNO  WHERE CVE_MATERIA=3 AND CVE_ALUM=13),3,13);

INSERT INTO PROM_MATERIA_ALUMNO(PROM_MAT_ALUM,CVE_MATERIA,CVE_ALUM) VALUES((SELECT AVG(CALIF_TRIM_ALUM) FROM CALIF_ALUMNO  WHERE CVE_MATERIA=3 AND CVE_ALUM=14),3,14);

INSERT INTO PROM_MATERIA_ALUMNO(PROM_MAT_ALUM,CVE_MATERIA,CVE_ALUM) VALUES((SELECT AVG(CALIF_TRIM_ALUM) FROM CALIF_ALUMNO  WHERE CVE_MATERIA=3 AND CVE_ALUM=15),3,15);

INSERT INTO PROM_MATERIA_ALUMNO(PROM_MAT_ALUM,CVE_MATERIA,CVE_ALUM) VALUES((SELECT AVG(CALIF_TRIM_ALUM) FROM CALIF_ALUMNO  WHERE CVE_MATERIA=3 AND CVE_ALUM=16),3,16);

INSERT INTO PROM_MATERIA_ALUMNO(PROM_MAT_ALUM,CVE_MATERIA,CVE_ALUM) VALUES((SELECT AVG(CALIF_TRIM_ALUM) FROM CALIF_ALUMNO  WHERE CVE_MATERIA=3 AND CVE_ALUM=17),3,17);

INSERT INTO PROM_MATERIA_ALUMNO(PROM_MAT_ALUM,CVE_MATERIA,CVE_ALUM) VALUES((SELECT AVG(CALIF_TRIM_ALUM) FROM CALIF_ALUMNO  WHERE CVE_MATERIA=3 AND CVE_ALUM=18),3,18);


INSERT INTO PROM_MATERIA_ALUMNO(PROM_MAT_ALUM,CVE_MATERIA,CVE_ALUM) VALUES((SELECT AVG(CALIF_TRIM_ALUM) FROM CALIF_ALUMNO  WHERE CVE_MATERIA=4 AND CVE_ALUM=1),4,1);

INSERT INTO PROM_MATERIA_ALUMNO(PROM_MAT_ALUM,CVE_MATERIA,CVE_ALUM) VALUES((SELECT AVG(CALIF_TRIM_ALUM) FROM CALIF_ALUMNO  WHERE CVE_MATERIA=4 AND CVE_ALUM=2),4,2);

INSERT INTO PROM_MATERIA_ALUMNO(PROM_MAT_ALUM,CVE_MATERIA,CVE_ALUM) VALUES((SELECT AVG(CALIF_TRIM_ALUM) FROM CALIF_ALUMNO  WHERE CVE_MATERIA=4 AND CVE_ALUM=3),4,3);

INSERT INTO PROM_MATERIA_ALUMNO(PROM_MAT_ALUM,CVE_MATERIA,CVE_ALUM) VALUES((SELECT AVG(CALIF_TRIM_ALUM) FROM CALIF_ALUMNO  WHERE CVE_MATERIA=4 AND CVE_ALUM=4),4,4);

INSERT INTO PROM_MATERIA_ALUMNO(PROM_MAT_ALUM,CVE_MATERIA,CVE_ALUM) VALUES((SELECT AVG(CALIF_TRIM_ALUM) FROM CALIF_ALUMNO  WHERE CVE_MATERIA=4 AND CVE_ALUM=5),4,5);

INSERT INTO PROM_MATERIA_ALUMNO(PROM_MAT_ALUM,CVE_MATERIA,CVE_ALUM) VALUES((SELECT AVG(CALIF_TRIM_ALUM) FROM CALIF_ALUMNO  WHERE CVE_MATERIA=4 AND CVE_ALUM=6),4,6);

INSERT INTO PROM_MATERIA_ALUMNO(PROM_MAT_ALUM,CVE_MATERIA,CVE_ALUM) VALUES((SELECT AVG(CALIF_TRIM_ALUM) FROM CALIF_ALUMNO  WHERE CVE_MATERIA=4 AND CVE_ALUM=7),4,7);

INSERT INTO PROM_MATERIA_ALUMNO(PROM_MAT_ALUM,CVE_MATERIA,CVE_ALUM) VALUES((SELECT AVG(CALIF_TRIM_ALUM) FROM CALIF_ALUMNO  WHERE CVE_MATERIA=4 AND CVE_ALUM=8),4,8);

INSERT INTO PROM_MATERIA_ALUMNO(PROM_MAT_ALUM,CVE_MATERIA,CVE_ALUM) VALUES((SELECT AVG(CALIF_TRIM_ALUM) FROM CALIF_ALUMNO  WHERE CVE_MATERIA=4 AND CVE_ALUM=9),4,9);

INSERT INTO PROM_MATERIA_ALUMNO(PROM_MAT_ALUM,CVE_MATERIA,CVE_ALUM) VALUES((SELECT AVG(CALIF_TRIM_ALUM) FROM CALIF_ALUMNO  WHERE CVE_MATERIA=4 AND CVE_ALUM=10),4,10);

INSERT INTO PROM_MATERIA_ALUMNO(PROM_MAT_ALUM,CVE_MATERIA,CVE_ALUM) VALUES((SELECT AVG(CALIF_TRIM_ALUM) FROM CALIF_ALUMNO  WHERE CVE_MATERIA=4 AND CVE_ALUM=11),4,11);

INSERT INTO PROM_MATERIA_ALUMNO(PROM_MAT_ALUM,CVE_MATERIA,CVE_ALUM) VALUES((SELECT AVG(CALIF_TRIM_ALUM) FROM CALIF_ALUMNO  WHERE CVE_MATERIA=4 AND CVE_ALUM=12),4,12);

INSERT INTO PROM_MATERIA_ALUMNO(PROM_MAT_ALUM,CVE_MATERIA,CVE_ALUM) VALUES((SELECT AVG(CALIF_TRIM_ALUM) FROM CALIF_ALUMNO  WHERE CVE_MATERIA=4 AND CVE_ALUM=13),4,13);

INSERT INTO PROM_MATERIA_ALUMNO(PROM_MAT_ALUM,CVE_MATERIA,CVE_ALUM) VALUES((SELECT AVG(CALIF_TRIM_ALUM) FROM CALIF_ALUMNO  WHERE CVE_MATERIA=4 AND CVE_ALUM=14),4,14);

INSERT INTO PROM_MATERIA_ALUMNO(PROM_MAT_ALUM,CVE_MATERIA,CVE_ALUM) VALUES((SELECT AVG(CALIF_TRIM_ALUM) FROM CALIF_ALUMNO  WHERE CVE_MATERIA=4 AND CVE_ALUM=15),4,15);

INSERT INTO PROM_MATERIA_ALUMNO(PROM_MAT_ALUM,CVE_MATERIA,CVE_ALUM) VALUES((SELECT AVG(CALIF_TRIM_ALUM) FROM CALIF_ALUMNO  WHERE CVE_MATERIA=4 AND CVE_ALUM=16),4,16);

INSERT INTO PROM_MATERIA_ALUMNO(PROM_MAT_ALUM,CVE_MATERIA,CVE_ALUM) VALUES((SELECT AVG(CALIF_TRIM_ALUM) FROM CALIF_ALUMNO  WHERE CVE_MATERIA=4 AND CVE_ALUM=17),4,17);

INSERT INTO PROM_MATERIA_ALUMNO(PROM_MAT_ALUM,CVE_MATERIA,CVE_ALUM) VALUES((SELECT AVG(CALIF_TRIM_ALUM) FROM CALIF_ALUMNO  WHERE CVE_MATERIA=4 AND CVE_ALUM=18),4,18);


INSERT INTO PROMEDIOS_FINALES VALUES(1,1,0);
UPDATE PROMEDIOS_FINALES SET PROMEDIO_FINAL=(SELECT AVG(PROM_MAT_ALUM) FROM PROM_MATERIA_ALUMNO WHERE CVE_ALUM=1) WHERE CVE_ALUM=1;

INSERT INTO PROMEDIOS_FINALES VALUES(2,1,(SELECT AVG(PROM_MAT_ALUM) FROM PROM_MATERIA_ALUMNO WHERE CVE_ALUM=2)) ;

INSERT INTO PROMEDIOS_FINALES VALUES(3,1,(SELECT AVG(PROM_MAT_ALUM) FROM PROM_MATERIA_ALUMNO WHERE CVE_ALUM=3)) ;

INSERT INTO PROMEDIOS_FINALES VALUES(4,2,(SELECT AVG(PROM_MAT_ALUM) FROM PROM_MATERIA_ALUMNO WHERE CVE_ALUM=4)) ;

INSERT INTO PROMEDIOS_FINALES VALUES(5,2,(SELECT AVG(PROM_MAT_ALUM) FROM PROM_MATERIA_ALUMNO WHERE CVE_ALUM=5));

INSERT INTO PROMEDIOS_FINALES VALUES(6,2,(SELECT AVG(PROM_MAT_ALUM) FROM PROM_MATERIA_ALUMNO WHERE CVE_ALUM=6)) ;

INSERT INTO PROMEDIOS_FINALES VALUES(7,3,(SELECT AVG(PROM_MAT_ALUM) FROM PROM_MATERIA_ALUMNO WHERE CVE_ALUM=7));

INSERT INTO PROMEDIOS_FINALES VALUES(8,3,(SELECT AVG(PROM_MAT_ALUM) FROM PROM_MATERIA_ALUMNO WHERE CVE_ALUM=8)) ;

INSERT INTO PROMEDIOS_FINALES VALUES(9,3,(SELECT AVG(PROM_MAT_ALUM) FROM PROM_MATERIA_ALUMNO WHERE CVE_ALUM=9)) ;

INSERT INTO PROMEDIOS_FINALES VALUES(10,4,(SELECT AVG(PROM_MAT_ALUM) FROM PROM_MATERIA_ALUMNO WHERE CVE_ALUM=10)) ;

INSERT INTO PROMEDIOS_FINALES VALUES(11,4,(SELECT AVG(PROM_MAT_ALUM) FROM PROM_MATERIA_ALUMNO WHERE CVE_ALUM=11));

INSERT INTO PROMEDIOS_FINALES VALUES(12,4,(SELECT AVG(PROM_MAT_ALUM) FROM PROM_MATERIA_ALUMNO WHERE CVE_ALUM=12)) ;

INSERT INTO PROMEDIOS_FINALES VALUES(13,5,(SELECT AVG(PROM_MAT_ALUM) FROM PROM_MATERIA_ALUMNO WHERE CVE_ALUM=13));

INSERT INTO PROMEDIOS_FINALES VALUES(14,5,(SELECT AVG(PROM_MAT_ALUM) FROM PROM_MATERIA_ALUMNO WHERE CVE_ALUM=14)) ;

INSERT INTO PROMEDIOS_FINALES VALUES(15,5,(SELECT AVG(PROM_MAT_ALUM) FROM PROM_MATERIA_ALUMNO WHERE CVE_ALUM=15)) ;

INSERT INTO PROMEDIOS_FINALES VALUES(16,6,(SELECT AVG(PROM_MAT_ALUM) FROM PROM_MATERIA_ALUMNO WHERE CVE_ALUM=16)) ;

INSERT INTO PROMEDIOS_FINALES VALUES(17,6,(SELECT AVG(PROM_MAT_ALUM) FROM PROM_MATERIA_ALUMNO WHERE CVE_ALUM=17)) ;

INSERT INTO PROMEDIOS_FINALES VALUES(18,6,(SELECT AVG(PROM_MAT_ALUM) FROM PROM_MATERIA_ALUMNO WHERE CVE_ALUM=18)) ;
SELECT * FROM PROM_MATERIA_ALUMNO;
SELECT * FROM GRUPO;
SELECT * FROM PROMEDIOS_FINALES;
CREATE TABLE PROMEDIOS_FINALES
(
CVE_ALUM INT, FOREIGN KEY(CVE_ALUM) REFERENCES ALUMNO(CVE_ALUM),
GRADO INT NOT NULL,
PROMEDIO_FINAL DECIMAL(4,2) CHECK(PROMEDIO_FINAL>=0 AND PROMEDIO_FINAL<=10)NOT NULL
);





/*CONSULTAS ANIDADAS CON 2 TABLAS Y 4 CONDICIONES*/
--OBTENER LAS CALIFICACIONES DEL 3ER TRIMESTRE DE HISTORIA Y ETICA  DEL ALUMNO CON CLAVE 11 EN EL 3ER TRIMESTRE
SELECT * 
FROM CALIF_ALUMNO 
WHERE CVE_MATERIA IN(
					 SELECT CVE_MATERIA 
					 FROM MATERIA 
					 WHERE NOMBRE_MATERIA='HISTORIA' OR NOMBRE_MATERIA='ETICA') AND CVE_ALUM=11 AND NUMERO_TRIMESTRE=3

-- OBTENER EL NOMBRE Y GRUPO DE LOS ALUMNOS CON PROMEDIO FINAL MAYOR A 9.0 EN 5TO GRADO QUE ESTEN ACTIVOS(1) Y TENGA 10 AÑOS
SELECT ALUM_NOMBRE,CVEGRUPO,ALUM_EDAD FROM ALUMNO WHERE CVE_ALUM IN(
														SELECT CVE_ALUM 
														FROM PROMEDIOS_FINALES
														WHERE PROMEDIO_FINAL>=9.0 AND GRADO=5 )AND ALUM_ESTADO=1 AND ALUM_EDAD=10

/*CONSULTAS ANIDADAS CON 3 TABLAS Y 6 CONDICIONES*/
--OBTENER EL NOMBRE, EDAD, ESTADO DE LOS ALUMNOS QUE ESTEN ACTIVOS Y CONTENGA UN 1 EN SU CURP EN EL SALON 5 O 6
--, Y EL NOMBRE DE PROFESOR SEA ARACELI O PATRICIA
SELECT ALUM_NOMBRE,ALUM_EDAD,ALUM_ESTADO,ALUM_CURP FROM ALUMNO WHERE CVEGRUPO IN(
																	  SELECT CVEGRUPO
																	  FROM GRUPO
																	  WHERE CVEPROF IN(SELECT CVEPROF
																					   FROM PROFESOR
																			 WHERE PROF_NOMBRE LIKE '%PATRICIA%' OR PROF_NOMBRE LIKE '%ARACELI%')
																	  AND SALON=5 OR SALON=6)
													 AND ALUM_ESTADO=1 AND ALUM_CURP LIKE '%1%'

/*OBTENER EL NOMBRE, ESTADO,EDAD,SEXO Y CLAVE DE GRUPO DEL ALUMNO CON ESTADO ACTIVO Y SEXO FEMENINO CON UN PROMEDIO DE 8 
 O MAYOR A 9 Y SU MATERIA SEA CIENCIAS NATURALES O ETICA*/

 SELECT ALUM_NOMBRE,ALUM_ESTADO,ALUM_EDAD,ALUM_SEXO,CVEGRUPO 
 FROM ALUMNO 
 WHERE CVE_ALUM IN(SELECT CVE_ALUM
				   FROM PROM_MATERIA_ALUMNO
				   WHERE CVE_MATERIA IN(SELECT CVE_MATERIA
										FROM MATERIA
										WHERE NOMBRE_MATERIA='CIENCIAS NATURALES' OR NOMBRE_MATERIA='ETICA')
				   AND PROM_MAT_ALUM=8.7 OR PROM_MAT_ALUM>=9.3)

AND ALUM_ESTADO=1 AND ALUM_SEXO='F'
-- OBTENER EL NOMBRE Y GRUPO DE LOS ALUMNOS CON PROMEDIO FINAL MAYOR A 9.0 DE TODA LA ESCUELA
SELECT ALUM_NOMBRE,CVEGRUPO FROM ALUMNO WHERE CVE_ALUM IN(
														SELECT CVE_ALUM 
														FROM PROMEDIOS_FINALES
														WHERE PROMEDIO_FINAL>=9.0 )

